id,anio,departamento,escala,instituto,materia,activador,firmas_presentadas,firmas_validas,umbral_requerido,umbral_alcanzado,via_procesal,desenlace,fuente_principal
0,1927,Durazno/Florida/Treinta y Tres,localidad,plebiscito consultivo sin base normativa,limites jurisdiccionales (Cerro Chato),comision vecinal,,,,,Corte Electoral convoca,votado; gano Durazno; no ejecutado,Bottinelli 2019
1,1951,Montevideo,departamento,referendum (Ley 9.515 art. 74),tarifa de transporte (Decreto 7451),partidos y sindicatos,141277,127768,95000 (20%),si,Intendente y Junta Electoral,votado 22/7/1951; decreto derogado,Corte Electoral 1952; Bottinelli 2019
2,1988,Flores,departamento,referendum (art. 304; Ley 9.515),tributos: contribucion; tasas; patentes,no documentado (15% de inscriptos),,,20%,no documentado,Intendente rechaza; promotores recurren; Corte,Sentencia 24.369 (6/7/1988): materia tributaria excluida,Sentencias 27.193 y 27.333
3,1996,Rocha,departamento,referendum (art. 304; Ley 9.515),tributos,no documentado,,,20%,no documentado,Corte,Sentencia 25.942 (31/7/1996): Ley 9.515 derogada,Sentencia 27.333; Correa Freitas 2020
4,1996,no identificado,departamento,referendum (art. 304),tributaria o presupuestal (probable: se discutio el art. 225),no documentado,,,20%,no documentado,Corte,Sentencia 25.940 (11/7/1996): improcedente por derogacion de la Ley 9.515; rechaza la exclusion por materia de 1988 (el art. 304 no distingue; el art. 225 no funda exclusiones),Sentencia 27.333 (discordia parcial y discordia Penco)
5,2006,Cerro Largo,departamento,referendum (art. 304; Ley 9.515 art. 74),transito: diferimiento del casco (Decreto 10/2006 art. 4 lit. b),ciudadanos,c. 17000 declaradas (testimonio posterior de S. Botana: reunidas en un dia),no verificadas,20%,no verificado,Intendente remite sin pronunciarse; Junta Electoral; Corte,Sentencia 26.926 (20/12/2006): no ha lugar; materia nacional; Ley 9.515 derogada,Sentencia 26.926
6,2006,Colonia,departamento,iniciativa departamental (Ley 9.515 arts. 78-79; art. 305),transito: exencion del casco,ciudadanos,no consta,no verificadas,15%,no verificado,Junta remite a Junta Electoral; consulta a la Corte,Sentencia 26.927 (20/12/2006): no ha lugar; iniciativa no instituida; materia nacional,Sentencia 26.927
7,2009,Flores,departamento,iniciativa departamental (Ley 9.515 arts. 78-79; art. 305),transito: exencion del casco a menos de 40 km/h,ciudadanos,no consta,no verificadas,15%,no verificado,Junta remite a la Corte antes de estudiar el fondo,Sentencia 27.023 (27/8/2009): no ha lugar; materia nacional; sin verificar firmas,Sentencia 27.023
8,2013,Tacuarembo,departamento,iniciativa departamental con referendum subsidiario (Ley 9.515 art. 79),ambiente: prohibir mineria metalifera a cielo abierto,movimiento socioambiental (Tacuarembo por la Vida y el Agua),13018,11450,11360 (15% de 75731),si,Junta pide verificacion; Corte,Sentencia 27.193 (23/10/2013): Ley 9.515 vigente; no ha lugar por materia nacional; decretos 20/13 y 21/13 de la Junta anulados por la Camara de Representantes (art. 303) en 2014,Sentencia 27.193; prensa
9,2013-2014,Rocha (Chuy),departamento,referendum (art. 304; Ley 9.515 art. 74),transito: flechado de la Avda. Brasil (Resolucion 308/13),comision pro referendum vecinal,3899,2520,12041 (20% de 60207),no,Intendente; Junta Electoral; Corte,Sentencia 27.198 (11/3/2014): no ha lugar; las resoluciones no son decretos; firmas insuficientes,Sentencia 27.198
10,2017,Colonia,departamento,referendum (art. 304; Ley 9.515 arts. 74-77),tributos: Impuesto al Alumbrado Publico (Decreto 034/2016),comision pro referendum (oposicion FA y vecinos),29366,no informadas,20%,no informado,Intendente deniega (Res. 322/017); Corte,Sentencia 27.333 (22/3/2017): improcedente por materia tributaria (7-2 con 3 discordias parciales); segunda actuacion de la Corte (set. 2017) no identificada; SCJ 27/8/2026 rechaza inconstitucionalidad,Sentencia 27.333; prensa
11,2017,Maldonado,departamento,iniciativa departamental (art. 304 inc. 2; Ley 9.515 art. 79),tributos: derogar arts. del Decreto 3947 (contribucion inmobiliaria),vecinas y vecinos (oposicion),no documentadas,,15%,no documentado,,sin desenlace documentado,la diaria 2017
12,2017,Treinta y Tres,localidad,iniciativa local para crear municipio (Ley 19.272 art. 16),creacion del Municipio de Rincon,vecinos,no documentadas,,15% de la localidad,si,Junta; Corte; Intendente,Decreto 20/2017: municipio creado; unico de 125 creado por iniciativa popular (Circular 10.840),Corte Electoral Circular 10.840; prensa
13,2019-2020,Durazno (Santa Bernardina; Carlos Reyles),localidad,iniciativa local (art. 305; Ley 19.272 art. 16) con pretension de referendum subsidiario,infraestructura: prohibir paso del tren del Ferrocarril Central por la planta urbana,vecinos,no documentadas,no documentadas,15% de la localidad,si (Santa Bernardina),Junta; Junta Electoral; Corte,Corte Electoral (abril 2020): improcedente; materia nacional; sin referendum subsidiario,prensa (970 Universal; Subrayado)
14,2019-2020,Florida (Florida; 25 de Mayo; Sarandi Grande),localidad,iniciativa local (art. 305; Ley 19.272 art. 16) con pretension de referendum subsidiario,infraestructura: prohibir paso del tren del Ferrocarril Central,vecinos,no documentadas,no documentadas,15% de cada localidad,si,Junta; Junta Electoral; Corte,Corte Electoral (25/4/2020; Sentencia 28.217 probable): improcedente; materia nacional; sin referendum subsidiario; Sarandi Grande obtuvo bypass por via politica,prensa (Montevideo Portal; La Manana)
15,2019-2020,Canelones (Joanico),localidad,iniciativa local (art. 305; Ley 19.272 art. 16),infraestructura: prohibir paso del tren,vecinos,c. 4000 presentadas a la Junta de Canelones (prensa),,15% de la localidad,si,Junta Departamental; sin tramite documentado,sin desenlace documentado (probablemente igual a 13 y 14),prensa
16,2023,Lavalleja,localidad,iniciativa local para crear municipio (Ley 19.272 art. 16),creacion del Municipio de Zapican,vecinos,no documentadas,,15% de la localidad,si,Junta; Corte; Intendente,municipio creado; eligio autoridades 11/5/2025,prensa
17,2023,Lavalleja,localidad,iniciativa local para crear municipio (Ley 19.272 art. 16),creacion del Municipio de Piraraja,vecinos,no documentadas,,15% de la localidad,si (Corte 12/7/2023),Junta; Corte; Intendente (proyecto favorable 13/9/2023),municipio creado; eligio autoridades 11/5/2025,Acta Junta de Lavalleja; prensa
18,2024-2025,Maldonado,departamento,iniciativa departamental con referendum subsidiario (art. 305; Ley 9.515 art. 79; Ley 19.272 art. 16),ambiente y ordenamiento: servidumbre non aedificandi y reserva departamental en Punta Ballena,movimiento socioambiental (Red en Defensa de Punta Ballena),34005,23221,22989 (15% de 153234),si,Junta; Corte (14-17/1/2025); Junta vota,decreto aprobado por unanimidad 17/3/2025 y promulgado; plebiscito del 11/5/2025 sin objeto,Corte Electoral comunicado; prensa
19,2025-2026,Maldonado,localidad,iniciativa local para crear municipio (Ley 19.272 art. 16),creacion de municipio Este del arroyo Maldonado (separacion de San Carlos),vecinos de la costa atlantica,no documentadas,,15% de la localidad,si (Corte dic. 2025),Junta; Corte; Junta vota,archivada por unanimidad (30 ediles) en 2026,prensa (Cadena del Mar; la diaria)
20,2025-2026,Canelones (Empalme Olmos),municipio,iniciativa local (art. 305; Ley 19.272 art. 16),ambiente: prohibir plantas de residuos a menos de 4000 m de la zona urbana,colectivo vecinal,mas de 1000 (set. 2026),,aprox. 950 (15% del municipio),si (declarado por promotores),pendiente de presentacion,en curso,prensa
21,2026,Paysandu,departamento,iniciativa departamental (art. 305; Ley 9.515 arts. 76-79; Ley 19.272 art. 16),ambiente y energia: prohibir produccion de hidrogeno verde y derivados; area protegida,movimiento socioambiental (Paysandu Soberano UPM2 NO),17201,no verificadas,14495 (15% de 96631),no verificado (superado nominalmente),Junta consulta a la Corte (Oficio 0360/26) con informe juridico contrario,Sentencia 28.712 (26/6/2026): improcedente por materia nacional sin verificar firmas; Junta archiva (Res. 292/2026); reposicion en tramite,Sentencia 28.712; prensa
22,2026,Durazno,localidad,iniciativa local (Ley 19.272 art. 16),transito: detener el flechado de calles al este de Ruta 5,vecinos,aprox. 1500 en recoleccion,,15% de la localidad,,pendiente,en curso,prensa (El Acontecer)
