N	Año	Departamento (localidad)	Escala	Instituto	Materia	Activador	Firmas (pres./válidas) / umbral	Vía procesal	Desenlace
0	1927	Durazno-Florida-T. y Tres (C. Chato)	localidad	plebiscito consultivo sin ley	límites jurisdiccionales	comisión vecinal	—	Corte Electoral convoca	votado; no ejecutado (antecedente)
1	1951	Montevideo	depto.	referéndum (L. 9.515 a. 74)	tarifa de transporte	partidos y sindicatos	141.277 / 127.768; 95.000 (20 %)	Intendente, Junta Electoral	VOTADO 22/7/1951; decreto derogado
2	1988	Flores	depto.	referéndum (a. 304)	tributos	15 % de inscriptos (s/d)	s/d; 20 %	Intendente rechaza; recurso; Corte	rechazado: materia tributaria (S. 24.369)
3	1996	Rocha	depto.	referéndum (a. 304)	tributos	s/d	s/d; 20 %	Corte	rechazado: ley derogada (S. 25.942)
4	1996	no identificado	depto.	referéndum (a. 304)	tributos (probable)	s/d	s/d; 20 %	Corte	rechazado: ley derogada; sin exclusión por materia (S. 25.940)
5	2006	Cerro Largo	depto.	referéndum (a. 304; a. 74)	tránsito (casco)	ciudadanos	no verificadas; 20 %	Intendente remite sin decidir; Junta El.; Corte	rechazado: ley derogada; materia nacional (S. 26.926)
6	2006	Colonia	depto.	iniciativa dptal. (a. 78-79; 305)	tránsito (casco)	ciudadanos	no verificadas; 15 %	Junta remite; Junta El. consulta; Corte	rechazado: iniciativa no instituida; materia nacional (S. 26.927)
7	2009	Flores	depto.	iniciativa dptal. (a. 78-79; 305)	tránsito (casco)	ciudadanos	no verificadas; 15 %	Junta remite antes del fondo; Corte	rechazado sin contar firmas: materia nacional (S. 27.023)
8	2013	Tacuarembó	depto.	iniciativa dptal. c/ ref. subsid. (a. 79)	ambiente (minería)	movimiento socioambiental	13.018 / 11.450; 11.360 (15 %) SÍ	Junta pide verificación; Corte	rechazado: materia nacional; ley vigente (S. 27.193)
9	2013-14	Rocha (Chuy)	depto.	referéndum (a. 304; a. 74)	tránsito (flechado, resolución)	comisión vecinal	3.899 / 2.520; 12.041 (20 %) NO	Intendente; Junta El.; Corte	rechazado: no es decreto; firmas insuficientes (S. 27.198)
10	2017	Colonia	depto.	referéndum (a. 304; a. 74-77)	tributos (alumbrado)	oposición partidaria y vecinos	29.366 / s/d; 20 %	Intendente deniega; Corte	rechazado: materia tributaria, 7-2 (S. 27.333)
11	2017	Maldonado	depto.	iniciativa dptal. (a. 304 inc. 2; a. 79)	tributos (contribución)	vecinas (oposición)	s/d; 15 %	—	sin desenlace documentado
12	2017	Treinta y Tres (Rincón)	localidad	iniciativa local (L. 19.272 a. 16)	creación de municipio	vecinos	s/d; 15 % de la localidad SÍ	Junta; Corte; Intendente	MUNICIPIO CREADO (Decreto 20/2017)
13	2019-20	Durazno (Sta. Bernardina, C. Reyles)	localidad	iniciativa local (a. 305; a. 16)	infraestructura (tren)	vecinos	s/d; 15 % de la localidad SÍ	Junta; Junta El.; Corte	rechazado: materia nacional; sin ref. subsidiario
14	2019-20	Florida (Florida, 25 de Mayo, Sarandí G.)	localidad	iniciativa local (a. 305; a. 16)	infraestructura (tren)	vecinos	s/d; 15 % de cada localidad SÍ	Junta; Junta El.; Corte	rechazado 25/4/2020: materia nacional (S. 28.217 probable)
15	2019-20	Canelones (Joanicó)	localidad	iniciativa local (a. 305; a. 16)	infraestructura (tren)	vecinos	s/d; 15 % de la localidad SÍ	Junta El.	sin desenlace documentado
16	2023	Lavalleja (Zapicán)	localidad	iniciativa local (a. 16)	creación de municipio	vecinos	s/d; 15 % SÍ	Junta; Corte; Intendente	MUNICIPIO CREADO
17	2023	Lavalleja (Pirarajá)	localidad	iniciativa local (a. 16)	creación de municipio	vecinos	s/d; 15 % SÍ (12/7/2023)	Junta; Corte; Intendente	MUNICIPIO CREADO
18	2024-25	Maldonado (Punta Ballena)	depto.	iniciativa dptal. c/ ref. subsid. (a. 305; a. 79; a. 16)	ambiente y ordenamiento	movimiento socioambiental	34.005 / 23.221; 22.989 (15 %) SÍ	Junta; Corte valida; Junta vota	DECRETO APROBADO 17/3/2025; plebiscito sin objeto
19	2025-26	Maldonado (Este del arroyo)	localidad	iniciativa local (a. 16)	creación de municipio	vecinos	s/d; 15 % SÍ (dic. 2025)	Junta; Corte; Junta vota	archivada por la Junta (unanimidad)
20	2025-26	Canelones (Empalme Olmos)	municipio	iniciativa local (a. 305; a. 16)	ambiente (residuos)	colectivo vecinal	> 1.000 (declaradas); ≈ 950 (15 %)	pendiente	en curso
21	2026	Paysandú	depto.	iniciativa dptal. (a. 305; a. 76-79; a. 16)	ambiente y energía	movimiento socioambiental	17.201 / no verificadas; 14.495 (15 %)	Junta consulta a la Corte c/ informe contrario	rechazado sin contar firmas: materia nacional (S. 28.712); reposición
22	2026	Durazno (este de Ruta 5)	localidad	iniciativa local (a. 16)	tránsito (flechado)	vecinos	≈ 1.500 en recolección	pendiente	en curso
