Año	Lugar	Mecanismo	Materia	Firmas	Respuesta Gob. Dep.	Desenlace
1951	Montevideo	Referéndum	Transporte	Alcanzado	Convoca	Votación
1988	Flores	Referéndum	Tributos	s.d.	Rechaza	Rechazo (CE)
1996	Rocha	Referéndum	Tributos	s.d.	s.d.	Rechazo (CE)
1996	s.d.	Referéndum	s.d.	s.d.	s.d.	Rechazo (CE)
2006	Cerro Largo	Referéndum	Tránsito	No verif.	Remite a CE	Rechazo (CE)
2006	Colonia	Iniciativa dep.	Tránsito	No verif.	Remite a CE	Rechazo (CE)
2009	Flores	Iniciativa dep.	Tránsito	No verif.	Remite a CE	Rechazo (CE)
2013	Tacuarembó	Iniciativa dep.	Minería	Alcanzado	Remite a CE	Rechazo (CE)
2014	Rocha (Chuy)	Referéndum	Tránsito	No alcanzado	Remite a CE	Rechazo (CE)
2017	Colonia	Referéndum	Tributos	No verif.	Remite a CE	Rechazo (CE)
2017	Maldonado	Iniciativa dep.	Tributos	s.d.	s.d.	s.d.
2017	Treinta y Tres (Rincón)	Iniciativa local	Municipios	Alcanzado	Aprueba	Norma aprobada
2020	Durazno (dos localidades)	Iniciativa local	Ferrocarril	Alcanzado	Remite a CE	Rechazo (CE)
2020	Florida (tres localidades)	Iniciativa local	Ferrocarril	Alcanzado	Remite a CE	Rechazo (CE)
2020	Canelones (Joanicó)	Iniciativa local	Ferrocarril	Alcanzado	s.d.	s.d.
2023	Lavalleja (Zapicán)	Iniciativa local	Municipios	Alcanzado	Aprueba	Norma aprobada
2023	Lavalleja (Pirarajá)	Iniciativa local	Municipios	Alcanzado	Aprueba	Norma aprobada
2025	Maldonado (P. Ballena)	Iniciativa dep.	Ordenamiento territorial	Alcanzado	Aprueba	Norma aprobada
2026	Maldonado (Este)	Iniciativa local	Municipios	Alcanzado	Rechaza	Rechazo (JD)
2026	Canelones (E. Olmos)	Iniciativa local	Residuos	En curso	En curso	En curso
2026	Paysandú	Iniciativa dep.	Energía	No verif.	Remite a CE	Rechazo (CE)
2026	Durazno (Este de Ruta 5)	Iniciativa local	Tránsito	En curso	En curso	En curso
